,published_date,trending_date,category_id,channel_title,tags,video_title,views,likes,dislikes,comments,description,channel_id,link,thumbnail,hour_trending,video_lang,count,country,category_title
0,2021-01-31T23:00:04Z,2021-02-01T18:00:00Z,17,LaLiga Santander,"['liga', 'laliga', 'laliga santander', 'football', 'resumen', 'goles', 'highlights', 'goal', 'gol', 'sp:dt=2021-01-31T20:00:00Z', 'sp:ti:home=fcb', 'sp:ti:away=ath', 'sp:ty=high', 'sp:or=2', 'sp:li=liga', 'sp:vl=es', 'Messi', 'Griezmann', 'Pedri', 'Demb√©l√©', 'Pjanic', 'Frenkie de Jong', 'Jordi Alba', 'Umtiti', 'Araujo', 'Mingueza', 'ter Stegen', 'Sergi Roberto', 'Lenglet', 'Braithwaite', 'Ra√∫l Garc√≠a', 'I√±aki Williams', 'Muniain', 'Unai Vencedor', 'Dani Garc√≠a', 'de Marcos', 'Yuri Berchiche', 'I√±igo Mart√≠nez', 'Yeray', 'Capa', 'Unai Sim√≥n', 'Villalibre', 'Vesga', 'Lekue', 'Berenguer']",Resumen de FC Barcelona vs Athletic Club (2-1),1732029,27314,854,1267,"Victoria del FC Barcelona en casa ante el Athletic Club con los goles de Messi y Griezmann #Bar√ßaAthletic J21 LaLiga Santander 2020/2021

Suscr√≠bete al canal oficial de LaLiga Santander en HD http://goo.gl/Cp0tC
Subscribe to the Official Channel of LaLiga in High Definition http://goo.gl/Cp0tC

LaLiga Santander on YouTube: http://goo.gl/Cp0tC
LaCopa on YouTube: http://bit.ly/1P4ZriP
LaLiga SmartBank on YouTube: http://bit.ly/1OvSXbi
Facebook: https://www.facebook.com/laliga
Twitter: https://twitter.com/LaLiga
Instagram: https://instagram.com/laliga
Google+: http://goo.gl/46Py9",UCTv-XvfzLX3i4IGWAm4sbmA,https://youtu.be/E0Y_Nl-RGig,https://i.ytimg.com/vi/E0Y_Nl-RGig/mqdefault.jpg,18,es,1,AR,Sports
1,2021-02-01T03:14:40Z,2021-02-01T18:00:00Z,17,TyC Sports Play,"['tyc', 'tyc sports', 'sports', 'tyc sports play']",Estudiantes (RC) 1(2)- 1(4) Platense | Primera Nacional - Final del reducido,140972,3414,88,779,Segu√≠ toda la Primera Nacional en TyC Sports y TyC Sports Play. Lo mejor del deporte est√° en TyC Sports. ¬°Suscribite! http://youtube.com/subscription_center Youtube - http://www.youtube.com/TyCSports Facebook - http://www.facebook.com/TyCSports Twitter - http://www.twitter.com/TyCSports Instagram ‚Äì http://www.instagram.com/TyCSports #NacionalEnTyCSports,UCD3Z8OG4d402E-pvTENePYw,https://youtu.be/mQGu7GqTob4,https://i.ytimg.com/vi/mQGu7GqTob4/mqdefault.jpg,18,,1,AR,Sports
2,2021-02-01T01:45:59Z,2021-02-01T18:00:00Z,17,WWE,"['wwe', 'world wrestling entertainment', 'wrestling', 'wrestler', 'wrestle', 'superstars', '‡§ï‡•Å‡§∂‡•ç‡§§‡•Ä', '‡§™‡§π‡§≤‡§µ‡§æ‡§®', '‡§°‡§¨‡•ç‡§≤‡•Ç ‡§°‡§¨‡•ç‡§≤‡•Ç ‡§à', '‡§Æ‡•à‡§ö', '‡§∏‡•Å‡§™‡§∞‡§∏‡•ç‡§ü‡§æ‡§∞', '‡§µ‡•ç‡§Ø‡§æ‡§µ‡§∏‡§æ‡§Ø‡§ø‡§ï ‡§ï‡•Å‡§∂‡•ç‡§§‡•Ä', 'ŸÖÿµÿßÿ±ÿπŸá', 'wwe 2021', 'Royal Rumble', 'Bad Bunny', 'Booker T', 'Royal Rumble Results', 'Royal Rumble 2021', 'WWE RR', 'Road to WrestleMania', 'Royal Rumble 2021 Highlights', 'Royal Rumble Highlights', 'WWE Rumble', 'WrestleMania 37', 'Royal Rumble Winner', 'bad bunny royal rumble', 'bad bunny booker t', 'bad bunny royal rumble 2021', 'bad bunny booker t wwe']",Bad Bunny performs ‚ÄúBooker T‚Äù at Royal Rumble: Royal Rumble 2021 (WWE Network Exclusive),1760001,110548,7409,7353,"Rapper Bad Bunny takes over the WWE ThunderDome with an epic performance of his hit single ‚ÄúBooker T.‚Äù Catch WWE action on WWE Network, FOX, USA Network, Sony India and more.
WWE Network | Subscribe now: http://wwe.yt/wwenetwork
---------------------------------------------------------------------
Follow WWE on YouTube for more exciting action!
---------------------------------------------------------------------
Subscribe to WWE on YouTube: http://wwe.yt/
Check out WWE.com for news and updates: http://goo.gl/akf0J4
Watch WWE on Sony in India: http://www.wwe.com/SonySportsNetwork
Find the latest Superstar gear at WWEShop: http://shop.wwe.com
---------------------------------------------
Check out our other channels!
---------------------------------------------
The Bella Twins: https://www.youtube.com/thebellatwins
UpUpDownDown: https://www.youtube.com/upupdowndown
WWEMusic: https://www.youtube.com/wwemusic
Total Divas: https://www.youtube.com/wwetotaldivas
------------------------------------
WWE on Social Media
------------------------------------
Twitter: https://twitter.com/wwe
Facebook: https://www.facebook.com/wwe
Instagram: https://www.instagram.com/wwe/
Reddit: https://www.reddit.com/user/RealWWE
Giphy: https://giphy.com/wwe
------------------------------------
WWE Podcasts
------------------------------------
After the Bell with Corey Graves: https://wwe.com/afterthebell
The New Day: Feel the Power: https://wwe.com/feelthepower
Uncool with Alexa Bliss: https://wwe.com/uncoolwithalexa",UCJ5v_MCY6GNUBTO8-D3XoAg,https://youtu.be/NR-Zx6TBnAY,https://i.ytimg.com/vi/NR-Zx6TBnAY/mqdefault.jpg,18,,1,AR,Sports
3,2021-01-31T01:53:32Z,2021-02-01T18:00:00Z,17,FOX Sports Sur,"['Palmeiras', 'Santos', 'Copa Libertadores', 'Libertadores', 'Maracan√°', 'Verdao', 'Libertadores 2020', 'Brener', 'Weverton', 'G√≥mez']",Palmeiras 1-0 Santos | RESUMEN | FINAL | CONMEBOL Libertadores 2020,917425,9570,1660,3074,"Con un ag√≥nico gol de Brener, Palmeiras derrot√≥ 1-0 a Santos y conquist√≥ la segunda Copa Libertadores de su historia. ¬°No te pierdas el compacto del encuentro!

¬øYa te suscribiste a nuestro canal?: http://bit.ly/3ppZdsI‚Äã‚Äã

Para m√°s informaci√≥n, visita http://www.espn.com‚Äã‚Äã

No te olvides de seguirnos en TODAS las redes:

- https://www.facebook.com/ESPNFutbolClub‚Äã
- https://twitter.com/ESPNFCarg‚Äã‚Äã
- https://www.instagram.com/espnfcarg‚Äã‚Äã

- https://www.facebook.com/ESPNFans‚Äã‚Äã
- https://twitter.com/ESPNArgentina‚Äã‚Äã
- https://www.instagram.com/espnargentina/",UCFmMw7yTuLTCuMhpZD5dVsg,https://youtu.be/kmTLvu3IFeI,https://i.ytimg.com/vi/kmTLvu3IFeI/mqdefault.jpg,18,es-419,1,AR,Sports
4,2021-01-31T22:00:03Z,2021-02-01T18:00:00Z,17,Leeds United Official,"['Leeds United', 'LUFC', 'LUTV', 'marcelo bielsa', 'highlights', 'Patrick Bamford', 'Jack Harrison', 'Stuart Dallas', 'PL']",Leicester City 1-3 Leeds United | Bamford scores screamer | Premier League highlights,789031,13931,236,686,"Premier League highlights from our 3-1 win over Leicester City with goals from Stuart Dallas, Patrick Bamford and Jack Harrison at the King Power Stadium.

#LeedsUnited #LUFC #PremierLeague   

Get exclusive Leeds United video content first - download the Official App: http://bit.ly/LUTVapp

If you thought this video was üî• don't forget to subscribe and hit the like üëç button! Also if you want to get a notification every time we post hit the bell üõé button in the top right corner. MOT. ALAW. ‚öΩÔ∏è

If you want to keep up with everything Leeds, go check out our other pages 
https://www.facebook.com/LeedsUnited/
https://twitter.com/LUFC
https://www.instagram.com/leedsunited/?hl=en
https://www.leedsunited.com",UCyQcJHDN4uYfPa1DHzKVSnw,https://youtu.be/8-lGtpnfBbQ,https://i.ytimg.com/vi/8-lGtpnfBbQ/mqdefault.jpg,18,en-GB,1,AR,Sports
5,2021-01-31T18:00:22Z,2021-02-01T18:00:00Z,17,Forza Champions,"['manchester city 100 puntos', 'manchester city centurions', 'manchester city campeon premier league 2017 2018', 'goles manchester city premier league 2017 2018', 'forza champions', 'goles aguero manchester city 2017 2018', 'gol gabriel jesus southampton', 'gol gabriel jesus record 100 puntos', 'manchester city 5 liverpool 0 2017', 'manchester united 1 manchester city 2 2017 2018']",El MANCHESTER CITY de los 100 PUNTOS üíØüèÜ (Campe√≥n Premier League 2017/2018),144177,12426,103,916,"‚úÖ Descarga la app OneFootball GRATIS AQU√ç ‚öΩ: https://tinyurl.com/y7d3t8w8

El MANCHESTER CITY de los 100 PUNTOS üíØüèÜ (Campe√≥n Premier League 2017/2018) - Un Manchester City demoledor e intratable, rompi√≥ todos los records en la Premier al coronarse campe√≥n con la espectacular cifra de 100 puntos.

√çNDICE:
0:00 Intro
0:31 Inicio de la temporada con buen paso
1:11 Manchester City 5 Liverpool 0
2:13 Chelsea 0 Manchester City 1
2:40 El City era un torrente que se llevaba por delante a sus rivales
2:54 Manchester City 3 Arsenal 1
3:32 √âpico triunfo ante el Southampton
4:06 Manchester United 1 Manchester City 2
5:00 18 Victorias consecutivas
5:35 El City pierde su imbatibilidad en la Premier frente al Liverpool
6:15 Poker de goles de Ag√ºero ante el Leicester
6:35 Arsenal 0 Manchester City 3
6:50 Manchester City 1 Chelsea 0
7:09 Manchester City 2 Manchester United 3
7:39 Manchester City campe√≥n Premier League 2017/2018
8:08 El City llega a los 100 Puntos

#ForzaChampions

- M√∫sica de Fondo: 300 Violin Orchestra Fast Version By Ender Guney 

Convi√©rtete en miembro de este canal para disfrutar de ventajas:
https://www.youtube.com/channel/UCEvhsEMMmJF4pLWtqWokHVQ/join",UCEvhsEMMmJF4pLWtqWokHVQ,https://youtu.be/wRA47GUeb4s,https://i.ytimg.com/vi/wRA47GUeb4s/mqdefault.jpg,18,es,1,AR,Sports
6,2021-02-01T06:01:02Z,2021-02-01T18:00:00Z,17,WWE,"['wwe', 'world wrestling entertainment', 'wrestling', 'wrestler', 'wrestle', 'superstars', '‡§ï‡•Å‡§∂‡•ç‡§§‡•Ä', '‡§™‡§π‡§≤‡§µ‡§æ‡§®', '‡§°‡§¨‡•ç‡§≤‡•Ç ‡§°‡§¨‡•ç‡§≤‡•Ç ‡§à', '‡§Æ‡•à‡§ö', '‡§∏‡•Å‡§™‡§∞‡§∏‡•ç‡§ü‡§æ‡§∞', '‡§µ‡•ç‡§Ø‡§æ‡§µ‡§∏‡§æ‡§Ø‡§ø‡§ï ‡§ï‡•Å‡§∂‡•ç‡§§‡•Ä', 'ŸÖÿµÿßÿ±ÿπŸá', 'wwe 2021', 'Royal Rumble', 'Bad Bunny', 'The Miz', 'John Morrison', 'Damian Priest', 'Miz & Morrison', 'Royal Rumble Results', 'Royal Rumble 2021', 'WWE RR', 'Road to WrestleMania', 'Royal Rumble 2021 Highlights', 'Royal Rumble Highlights', 'WWE Rumble', 'WrestleMania 37', 'Royal Rumble Winner']",Bad Bunny takes flight to level The Miz & John Morrison: Royal Rumble 2021 (WWE Network Exclusive),789226,34233,1005,1661,"Rapper Bad Bunny showed off some sky-scraping abilities to take out the self-proclaimed ‚ÄúGreatest Tag Team of the 21st Century.‚Äù Catch WWE action on WWE Network, FOX, USA Network, Sony India and more.
WWE Network | Subscribe now: http://wwe.yt/wwenetwork
---------------------------------------------------------------------
Follow WWE on YouTube for more exciting action!
---------------------------------------------------------------------
Subscribe to WWE on YouTube: http://wwe.yt/
Check out WWE.com for news and updates: http://goo.gl/akf0J4
Watch WWE on Sony in India: http://www.wwe.com/SonySportsNetwork
Find the latest Superstar gear at WWEShop: http://shop.wwe.com
---------------------------------------------
Check out our other channels!
---------------------------------------------
The Bella Twins: https://www.youtube.com/thebellatwins
UpUpDownDown: https://www.youtube.com/upupdowndown
WWEMusic: https://www.youtube.com/wwemusic
Total Divas: https://www.youtube.com/wwetotaldivas
------------------------------------
WWE on Social Media
------------------------------------
Twitter: https://twitter.com/wwe
Facebook: https://www.facebook.com/wwe
Instagram: https://www.instagram.com/wwe/
Reddit: https://www.reddit.com/user/RealWWE
Giphy: https://giphy.com/wwe
------------------------------------
WWE Podcasts
------------------------------------
After the Bell with Corey Graves: https://wwe.com/afterthebell
The New Day: Feel the Power: https://wwe.com/feelthepower
Uncool with Alexa Bliss: https://wwe.com/uncoolwithalexa",UCJ5v_MCY6GNUBTO8-D3XoAg,https://youtu.be/SKra9MCiVKw,https://i.ytimg.com/vi/SKra9MCiVKw/mqdefault.jpg,18,,1,AR,Sports
7,2021-01-31T22:00:05Z,2021-02-01T18:00:00Z,17,Liverpool FC,"['Liverpool FC', 'LFC', 'Liverpool', 'Anfield', 'Melwood', 'Liverpool Football Club', 'premier league', 'west ham liverpool', 'west ham vs liverpool', 'lfc west ham', 'liverpool counter attach', 'liverpool goal', 'salah', 'salah goals']",Highlights: Salah and Gini secure victory for the Reds | West Ham 1-3 Liverpool,2065224,38136,856,2008,"A brilliant Mo Salah double, and a fine team goal finished off by Gini Wijnaldum was enough to give Liverpool all three Premier League points against West Ham United at the London Stadium.

Enjoy more content and get exclusive perks in our Liverpool FC Members Area, click here to find out more: https://www.youtube.com/LiverpoolFC/join

Subscribe now to Liverpool FC on YouTube now and get notified when new videos land: https://www.youtube.com/subscription_center?add_user=LiverpoolFC",UC9LQwHZoucFT94I2h6JOcjw,https://youtu.be/S8jY6zN3TPc,https://i.ytimg.com/vi/S8jY6zN3TPc/mqdefault.jpg,18,en-GB,1,AR,Sports
8,2021-01-31T22:27:09Z,2021-02-01T18:00:00Z,22,Luli Gonzalez,"['Luli', 'Gonzalez', 'luli', 'gonzalez', 'supermercado', 'compras', 'vlog', 'video', 'moshi', 'casey', 'manejando', 'walmart', '18', 'cumplea√±os', 'vacaciones', 'vieja', 'juego de mesa', 'chau']",La pas√© super en el SUPER,360694,56454,399,2900,"Banda de storytimes
‚ùÄ Mis redes sociales ‚ùÄ

‚û§ Instagram: https://www.instagram.com/lulignzalez...
‚û§ Twitter: https://twitter.com/lulignzalez
‚û§ Contacto Comercial: info@luligonzalez.com",UCVvJm_OvR1BpvZFGLNeoEZQ,https://youtu.be/iHKkWcMxBrg,https://i.ytimg.com/vi/iHKkWcMxBrg/mqdefault.jpg,18,,1,AR,People & Blogs
9,2021-01-31T22:30:01Z,2021-02-01T18:00:00Z,22,Merakio,"['merakio', 'merakio te ama', 'meraki', 'merakio se va a espa√±a', 'emigrar a espa√±a', 'irse de argentina', 'pasaporte espa√±ol', 'merakio se va a madrid', 'como emigrar']",NOS VAMOS A VIVIR A ESPA√ëA - PORQU√â NOS VAMOS? - EP 01,89384,10498,255,951,"AC√Å PODES COMPRAR MI CURSO ONLINE: 
CRECER EN YOUTUBE
https://merakioteama.com/

SUSCRIBITE, PORQUE MERAKIO TE AMA!!

ESCUCH√Å MI PODCAST
https://open.spotify.com/show/0XieGyKfRR21dAkxUD9SAW
https://anchor.fm/merakio

#DeBuenosAiresAMadrid
#VLOG 

Mi lista de Amazon
TODAS MIS COSAS, COMPU, CAMARAS Y DEMAS CHUCHERIAS
https://www.amazon.com/shop/merakio

CANCION DEL FINAL: Smurdy - Smile
https://soundcloud.com/zack-sabirsh/smile


MIS REDES

Instagram: https://www.instagram.com/merakio
Facebook: https://www.facebook.com/YosoyMerakio
Twitter: https://twitter.com/Merakioteama

Dale a la laikeada, dale a la compartida y dale a la suscribida
Porque Merakio te ama",UC1VK6Ro1cvOX8J7UKgnyztA,https://youtu.be/PnYV8WQDizE,https://i.ytimg.com/vi/PnYV8WQDizE/mqdefault.jpg,18,es-419,1,AR,People & Blogs
10,2021-01-31T23:00:12Z,2021-02-01T18:00:00Z,22,Alex White Fox,"['team angel', 'katie angel', 'oso world', 'katie angel team', 'retos', 'challenge', 'bromas', 'comiendo blanco', '24 horas', 'sandra cires', 'sandra cires reto', 'broma', 'broma epica', 'pranks', 'broma telefonica', 'broma a mi novio', '24 horas taca√±o', 'siendo taca√±o', 'reto 24 horas', 'mejor 24 horas', 'taca√±o extremo', 'its oso']",ME ENTERRARON VIVO! 24 HORAS EN LA PLAYA PART 3 | ALEX WHITE FOX,214324,15231,217,1848,"CA√ç DESDE LAS ALTURAS!!! 24 HORAS EN LA PLAYA PART 1
https://bit.ly/39w8DNQ

Heyyy Foxissss!!! AHORA S√ç la diversi√≥n acaba de comenzar!!! Oficialmente sean bienvenidos a mi canal!!! No olvides suscribirte y recuerda que si no quieres perderte ning√∫n video solo tienes que activar la campanita de notificaciones

INSTAGRAM @_alexwhitefox
https://bit.ly/37I7Lnc‚Äã

 TIK TOK @alexwhiteworld
https://bit.ly/2IsELY2‚Äã

Nos vemos en un pr√≥ximo video cargado de diversi√≥n!!!

Comenta que videos te gustar√≠a ver en el canal!!! Recuerden que leer√© cada uno de sus comentarios!!!

**S√ìLO NEGOCIOS/PRENSA/CONTRATACIONES:
alexwhitefoxcontacto@gmail.com

PROYECTO DIRIGIDO POR OSOWORLD
KATIE ANGEL PRODUCTIONS",UCHl2gMgoWQKZNTf8_DE-4Mw,https://youtu.be/piE-wvC_ZMA,https://i.ytimg.com/vi/piE-wvC_ZMA/mqdefault.jpg,18,,1,AR,People & Blogs
11,2021-01-31T20:41:27Z,2021-02-01T18:00:00Z,22,JADIPIA,"['CLAUDIPIA', 'JADIPIA', 'Jason Coreano', 'Korean boyfriend', 'Latina girlfriend', 'coreano vlogs', 'novia latina', 'novio coreano', 'novio coreano y yo latina']",POR FIN JUNTOS OTRA VEZ üò≠üíû NOS VOLVEMOS A VER DESPU√âS DE MUCHO TIEMPO SEPARADOS üòç | Jadipia,368726,42448,260,1806,"POR FIN JUNTOS OTRA VEZ üò≠üíû NOS VOLVEMOS A VER DESPU√âS DE MUCHO TIEMPO SEPARADOS üòç | Jadipia

SIGUENOS EN:

‚ô•Canal de Claudipia :  http://www.youtube.com/claudipiaachic
‚ô•Canal de Jason :  http://www.youtube.com/c/JasonCoreano
‚ô•Instagram Clau: http://instagram.com/claudipia
‚ô•Instagram Jason: http://instagram.com/jason_coreano

CONTACTO PRENSA/NEGOCIOS: info@claudipia.com",UCOjfZNy-vWYWjrUREeIYtuA,https://youtu.be/RHlLCpl6_EU,https://i.ytimg.com/vi/RHlLCpl6_EU/mqdefault.jpg,18,es,1,AR,People & Blogs
12,2021-01-30T22:05:44Z,2021-02-01T18:00:00Z,22,Megan Noble,"['Catamarca', 'Viaje', 'Viajar', 'Cuarentena', 'Argentina', 'Youtube Argentina', 'Megan Noble', 'Luli Gonzalez', 'Sele mosca', 'Marti Benza', 'Rama Barreto', 'Marti Benza y sus amigos', 'Mejor amiga marti Benza', 'Gian odoguardi', 'Marti benza y Rama']",DE VIAJE CON EL TEAM,129387,12764,105,303,"En este video nos vamos de vacaciones con mis amigos a Tinogasta que queda en Catamarca. Hacemos sandboard y banda de cosas m√°s asi que les recomiendo mirarlo, darle like y suscribirsee. 

Redes sociales 
IG: megann_noble 

Music by MYSM - Indie Feel - https://thmatc.co/?l=C94BF175
Music by Mark Generous - Orange And Pomegranate - https://thmatc.co/?l=08B2D546",UC9WvLqQbGCch_-PYRW23pKA,https://youtu.be/anPJ-WFwME0,https://i.ytimg.com/vi/anPJ-WFwME0/mqdefault.jpg,18,,1,AR,People & Blogs
13,2021-01-29T19:53:59Z,2021-02-01T18:00:00Z,22,Kimberly Loaiza,"['team', 'juki', 'jukilop', 'teamjukilop', 'juan', 'de', 'dios', 'pantoja', 'reto', 'challenge', 'diversi√≥n', 'entretenimiento', 'vlog', 'blogs', 'nuevo', 'video', 'vlogs', 'blog', 'lindura', 'linduras', 'kimberly', 'loaiza', 'risas', 'musica']",24 HORAS EN UN YATE üõ• CON EL EX TEAM JUKI üò± Kimberly Loaiza,8252449,617030,9863,59613,"LINDURAS GRACIAS POR VER ESTE VIDEO ME ENCANTARIA QUE LE DIERAN LIKE Y LO COMPARTIERAN FUERA DE GRAN AYUDA 

‚ú® S√≠gueme en mis redes sociales ‚ú®

Instagram: https://www.instagram.com/kimberly.loaiza/

Pagina de Facebook: https://www.facebook.com/kimberlyloaizaa/?ref=br_tf


Twitter: https://mobile.twitter.com/kimberlyloaiza_

Contacto: marcaskim@gmail.com",UCQZfFRohQ7UX-0CdXl-6pwQ,https://youtu.be/e8gxU63kj-M,https://i.ytimg.com/vi/e8gxU63kj-M/mqdefault.jpg,18,en-US,1,AR,People & Blogs
14,2021-02-01T01:10:23Z,2021-02-01T18:00:00Z,22,Indie Arts Kenel,"['Dragon ball super', 'kyabe', 'goku', 'super saiyajin blue', 'poder', 'preguntas', 'dios de la destruccion', 'torneo multiversal', 'saga de la supervivencia toppo', 'jiren', 'champa', 'hit', 'vegeta', 'bills', 'migatte no gokui', 'ultra instinto', 'gogeta', 'moro', 'merus', 'transformaci√≥n', 'explicaci√≥n', 'broly', 'anime', 'indie arts', 'kenel']",Explicaci√≥n: La Nueva T√©cnica al Nivel del Ultrainstinto - Dragon Ball Super,229160,17090,330,1696,"Un nuevo video de Dragon ball, En este video de nuestra serie favorita, Dragon ball Super, tenemos el video especial de dragon ball
Facebook de videos: https://www.facebook.com/IndieArtsKenelOficial/",UCw6LEqOUioR-Nqq1gTpOIAQ,https://youtu.be/WH1fWo2NVPo,https://i.ytimg.com/vi/WH1fWo2NVPo/mqdefault.jpg,18,es,1,AR,People & Blogs
15,2021-01-31T20:00:09Z,2021-02-01T18:00:00Z,22,Eliza Ibeth,"['ESTOY EMBARAZADA', 'TEST DE EMBARAZO EN DIRECTO', 'VOY A SER MAMA', 'YOUTUBERS PANAME√ëOS', 'VIDEOS 2021', 'TIK TOK', 'ELIZA IBETH', 'ABRAHAMDPE HD', 'ABRAHAM DAVID', 'VIDEOS PARA RELAJARSE', 'VIDEOS PARA EL ESTRES', 'VIDEOS DE PAREJAS', 'MAMA PRIMERIZA', 'PRIMERA VEZ DE MAMA', 'PRUEBA DE EMBARAZO', 'EMBARAZADA', 'MAMA POR PRIMERA VEZ', 'SERE MAMA', 'PADRES POR PRIMERA VEZ', 'reaccion de abraham', 'reaccion de mi esposo']",ESTOY EMBARAZADAü§∞üèªPRIMERA CITA DEL BEBE Y PASA ESTOüòû - Eliza ibeth,369113,41717,270,2843,"FUIMOS A LA PRIMERA CITA DEL BEB√â Y ESTO PASO...


SI TE GUSTO ESTE VIDEO REGALAME UN ME GUSTA Y 
SUSCRIBETE SI? ‚ñ∫ @Eliza Ibeth 

SUSCRIBETE AL CANAL DE ABRAHAM ‚ñ∫ @Abrahamdpe HD  

S√≠gueme en mis redes:

Instagram ‚ñ∫ https://www.instagram.com/elizaibeth23/
Facebook ‚ñ∫  https://www.facebook.com/elizaibeth23
Twitter ‚ñ∫ https://twitter.com/elizaibeth23

Aviso de Copyright: El uso de los videos son solamente exclusivos de este canal y la copia del material en otro canal ser√° reportado y eliminado bajo los reglamentos de Youtube.

Eliza Ibeth ¬© 2020",UC1yNwS6aGyIQGZlD7yeHMYA,https://youtu.be/1MoT_zoU68Y,https://i.ytimg.com/vi/1MoT_zoU68Y/mqdefault.jpg,18,,1,AR,People & Blogs
16,2021-01-31T18:00:21Z,2021-02-01T18:00:00Z,10,CNCOVEVO,"['cnco', 'solo importas tu', 'cnco solo importas tu', 'solo importas tu video oficial', 'official video solo importas tu', 'letra solo importas tu', 'cnco 2021', 'lo nuevo de cnco', 'solo importas tu lyrics', 'deja vu', 'cnco beso', 'beso', 'reggaeton lento', 'cncosolo importas tu', 'CNCO', 'Latin Pop', 'Solo Importas T√∫', 'Sony Music Latin']",CNCO - Solo Importas T√∫ (Official Video),1454836,163858,2734,34033,"CNCO ‚Äì Solo Importas T√∫ (Official Video)

Music: 
Apple Music: https://smarturl.it/SoloImportasTu/applemusic 
Spotify: https://smarturl.it/SoloImportasTu/spotify 
Amazon: https://smarturl.it/SoloImportasTu/az 
YouTube: https://smarturl.it/SoloImportasTu/youtube 
iTunes: https://smarturl.it/SoloImportasTu/itunes 
Deezer: https://smarturl.it/SoloImportasTu/deezer

Official Site: http://www.cncomusic.com
Facebook: https://www.facebook.com/CNCOmusic
Twitter: https://twitter.com/CNCOmusic
Instagram: https://www.instagram.com/CNCOmusic

#CNCO #SoloImportasT√∫ #D√©j√†Vu

Official Music Video by CNCO performing ‚ÄúSolo Importas T√∫‚Äù ¬© 2021 Sony Music Entertainment US Latin LLC",UC23ROAqt3prjnS89uHwcaaQ,https://youtu.be/lhb3nl_jj7Y,https://i.ytimg.com/vi/lhb3nl_jj7Y/mqdefault.jpg,18,,1,AR,Music
17,2021-01-31T01:00:07Z,2021-02-01T18:00:00Z,10,Papichamp,"['papichamp', 'de la calle', 'ecko', 'papi shampu', 'arabe', 'remix', 'pakman', 'papi champu', 'ft ecko', 'arabe remix', 'en vivo', 'dejate ver', 'la neumatica', 'pariseo', 'baila sexy', 'papichamp combi nueva', 'ecko combi nueva', 'blunted vato combi nueva', 'lgante combi nueva', 'papichamp ecko lgante', 'papichamp ecko blubnted vato lgante combi nueva', 'combi nueva', 'ando blin blindado', 'dejo el club tumbado', 'combi nueva los fin de semana', 'dice que me quiere pero no me conoce', 'lgante', 'l gante', 'rkt']",PAPICHAMP ‚ùå ECKO ‚ùå BLUNTED VATO ‚ùå L-GANTE - COMBI NUEVA (Official Video),541342,43356,1018,1973,"PAPICHAMP ‚ùå ECKO ‚ùå BLUNTED VATO ‚ùå L-GANTE - COMBI NUEVA (Official Video)
Disponible en todas las plataformas digitales.

-Click para suscribirte: http://bit.ly/2ipKugA‚Äã

Spotify: http://spoti.fi/2ko2bBe‚Äã

Segu√≠ a PAPICHAMP: https://www.instagram.com/papichamp/
Segu√≠ a ECKO:  https://www.instagram.com/eckoyg/
Segu√≠ a BLUNTED VATO: https://www.instagram.com/blunted_vato/
Segu√≠ a L-GANTE: https://www.instagram.com/lgante_keloke/

Suscribite: @ECKO @Blunted Vato @L - GANTE 

Booking
+5491121590337

#Papichamp #CombiNueva #Ecko #BluntedVato #LGante

¬© 2021 MOJO",UCi5THa7VOJV5VqlxjGFwa_A,https://youtu.be/LQ3eoUM-K7M,https://i.ytimg.com/vi/LQ3eoUM-K7M/mqdefault.jpg,18,es-419,1,AR,Music
18,2021-01-31T00:00:09Z,2021-02-01T18:00:00Z,10,Zaramay,"['zaramay', 'bizarrap', 'sessions 11', 'el jefe del malianteo', 'cazzu', 'khea', 'jon z', 'trueno', 'john c', 'frijo', 'nicki nicole', 'wos', 'peke√±o 77', 'bhavi', 'coscu', 'paulo londra', 'neo pistea', 'ysy a', 'lit killah', 'modo diablo', 'anuel', 'karol g', 'ozuna', 'rip dillom', 'blunted vato', 'ca7riel', 'team mati', 'tanto fronteo', 'paco amoroso', 'seven kayne', 'kodigo', 'myke towers', 'rauw alejandro', 'big soto', 'miky woodz', 'neutro shorty', 'kaydy cain', 'yung beef', 'kidd keo', 'c tangana', 'lucho ssj', 'cashe', 'calle', 'kinder malo', 'cro', 'l-gante', 'viral']",ZARAMAY X TEAM MATI X KING GOYI - TANTO FRONTEO,592900,52889,3129,4553,"ZARAMAY:
https://www.instagram.com/zaramaybaby‚Äã 

PROD:
https://www.instagram.com/nahuelthecoach‚Äã 

TEAM MATI:
https://www.instagram.com/teammatii/

KING GOYI:
https://www.instagram.com/kinggoyi/

FILMAKER:
https://www.instagram.com/flexmusicoficial/

‚Ñó Todos los derechos reservados - Zaramay - 2021
¬© Espantap√°jaros Exclusive License",UCInyjCOIK-CaPpnCFNtWEBA,https://youtu.be/8MRr3MrSTQk,https://i.ytimg.com/vi/8MRr3MrSTQk/mqdefault.jpg,18,es-419,1,AR,Music
19,2021-02-01T01:30:08Z,2021-02-01T18:00:00Z,10,El Chombo,,EL CHOMBO PRESENTA : LOS ONE HIT WONDERS,354427,54411,224,3975,#telodijoelchombo,UCvfzJ2WDWI4SPyCHzP35IIw,https://youtu.be/Sxx5Rts3x5E,https://i.ytimg.com/vi/Sxx5Rts3x5E/mqdefault.jpg,18,,1,AR,Music
20,2021-01-31T23:00:08Z,2021-02-01T18:00:00Z,10,babi,"['babi', 'desierto', 'duelo dulce', 'rota', 'low key', 'tu nana', 'heart rate', 'lo jodiste', 'colegas', 'stressed out', 'devuelvemelo', 'game ova', 'babi cover', 'babi desierto', 'babi duelo dulce', 'babi rota', 'babi low key', 'babi tu nana', 'babi heart rate', 'babi lo jodiste', 'babi colegas', 'babi dueles', 'babi stressed out', 'babi devuelvemelo', 'babi game ova', 'cover babi', 'desierto babi', 'duelo dulce babi', 'rota babi', 'low key babi', 'tu nana babi', 'heart rate babi', 'colegas babi', 'stressed out babi', 'game ova babi']",babi & LUNA KI - Disney (letra) prod. tennisplayer,134508,28002,174,1984,"escucha ""Disney"" en spotify: 
https://open.spotify.com/track/2uSJW6VyeeDUqJvFwR1izB?si=XLgf5FVnT_6GD58u5_OYZg

redes:
babi: https://www.instagram.com/klkbabi
https://www.twitter.com/klkbabi/

luna: https://www.instagram.com/lunaki69/
https://www.twitter.com/lunaki/

team:
video montaje: https://www.instagram.com/victor_insomnia/

direcci√≥n arte: https://www.instagram.com/mnlo0o/

ilustraciones: https://www.instagram.com/conesa.art/

ùôÇùôßùôöùôÆùôÜùôûùôôùô®‚úò
contacto: 

babi: infogreykids@gmail.com
luna: lunakimusic@gmail.com

Grabado en √Ålamo Shock y Mapa M√∫sica Estudio
Mezcla: allnightproducer
M√°ster: Carlos CHC",UCSOe6lYexydtB4LDNaVKetA,https://youtu.be/8eye-bWzOsE,https://i.ytimg.com/vi/8eye-bWzOsE/mqdefault.jpg,18,,1,AR,Music
21,2021-01-30T23:00:11Z,2021-02-01T18:00:00Z,10,Lira M√∫sica,,LIRA X MARKA AKME - ESCAP√âMONOS (Video Oficial),238270,19143,194,554,"LIRA X MARKA AKME - ESCAP√âMONOS (Video Oficial)

ACAPELLAS: pedir por correo liramusicaok@gmail.com

Escucha Escap√©monos en Spotify 
https://open.spotify.com/album/4sjSbULujatTMo6yPUWG3P?si=J8q2G2ksQDyPhVGksRjIDA

Segu√≠ a Lira
https://www.instagram.com/liramusicaok/‚Äã

@joaquinmondelli
@franco.lombardo
@gavial07

TIK TOK
@liramusicaok



Segu√≠ a Marka Akme
https://www.instagram.com/markaakmee/

Directed by
https://www.instagram.com/jerelazo/
https://www.instagram.com/diegoecarrasco/

Prod by
https://www.instagram.com/pushi.uy/

ACAPELLAS POR MAIL
liramusicaok@gmail.com

Contacto
JASA MUSIC / 099 195 100",UCDWaSf-sPbtfYTQnbJ0kfTg,https://youtu.be/PMcz8duIDwA,https://i.ytimg.com/vi/PMcz8duIDwA/mqdefault.jpg,18,,1,AR,Music
22,2021-01-31T16:49:13Z,2021-02-01T18:00:00Z,10,Carla Laubalo,"['carla laubalo', 'laubalo', 'con mi hermana', 'claupasal', 'hermanas laubalo', 'laubalo cantando', 'imitando voces', 'imitando voces laubalo', 'carla laubalo cantando', 'laubalo imitando', 'hermanas laubalo cantando', 'imitando voces de cantantes', 'imitanto 6 laubalo']",IMITANDO VOCES DE CANTANTES 6 con MI HERMANA @Claupasal | Carla Laubalo,175360,30942,342,2376,"Imitando voces de cantantes 6 con mi hermana!!
S√≠guenos en las redes conjuntas @Hermanaslaubalo
Ella es: @Claupasal Producci√≥n musical: @leandrorojo (@LEAN )

S√≠gueme en:
‚úß INSTAGRAM: @laubalo @hermanaslaubalo
‚ô™ TIKTOK: @laubalo @hermanaslaubalo_
‚ùÄ PEOOPLE: @laubalo
œü TWITTER: @laubalo",UCR-Mp5_-b5Oy82ZPhf4MkAg,https://youtu.be/Gvk2P5ryM9s,https://i.ytimg.com/vi/Gvk2P5ryM9s/mqdefault.jpg,18,,1,AR,Music
23,2021-01-29T05:00:10Z,2021-02-01T18:00:00Z,10,SelenaGomezVEVO,"['Selena', 'Gomez', 'Baila', 'Conmigo', 'Interscope', 'Records', 'Latin', 'Pop']","Selena Gomez, Rauw Alejandro - Baila Conmigo (Official Video)",19855430,1296316,22213,104918,"Escucha ‚ÄòBaila Conmigo,‚Äô disponible ya. // Listen to ‚ÄòBaila Conmigo,‚Äô out now. https://smarturl.it/BailaConmigoSG
REVELACI√ìN estar√° disponible el 12 de marzo. // REVELACI√ìN is out March 12. https://smarturl.it/REVELACIONSG

Shop Selena‚Äôs Official Store: https://smarturl.it/SelenaStore
 
Starring: Kibba and Ariane Aparecida
Directed by Nogari @fernando.nogari
Produced by Iconoclast

Follow Selena:
Instagram: https://www.instagram.com/selenagomez/‚Äã
Twitter: https://twitter.com/selenagomez‚Äã
Facebook: https://www.facebook.com/Selena‚Äã
TikTok: https://www.tiktok.com/@selenagomez‚Äã
YouTube: https://smarturl.it/SelenaYT‚Äã

Follow Rauw:
Instagram: https://www.instagram.com/rauwalejandro‚Äã
Twitter: https://twitter.com/rauwalejandro
Facebook: https://www.facebook.com/rauwalejandro‚Äã 
YouTube: https://www.youtube.com/rauwalejandrotv

Follow Tainy:
Instagram: https://www.instagram.com/tainy/‚Äã
Twitter: https://twitter.com/tainy/‚Äã
Facebook: https://www.facebook.com/TainyOfficial
YouTube: https://www.youtube.com/tainy

Listen on Apple Music: https://smarturl.it/SGEssentials‚Äã
Listen on Spotify: https://smarturl.it/SelenaGomezTheHitsSp

Get exclusive Selena Gomez merch, available at: http://smarturl.it/SelenaStore‚Äã
Sign-up to be the first to hear news from Selena: http://smarturl.it/SelenaGomez.News‚Äã
Best of Selena Gomez https://goo.gl/mgJg2s‚Äã
Selena Gomez Audio https://goo.gl/dmJYbd

Music video by Selena Gomez performing Baila Conmigo. ¬© 2021 Selena Gomez",UCjK8ORC71kwyj1DWFwril_A,https://youtu.be/h5WN3pkxPF0,https://i.ytimg.com/vi/h5WN3pkxPF0/mqdefault.jpg,18,,1,AR,Music
24,2021-01-30T15:37:29Z,2021-02-01T18:00:00Z,10,ECKO,"['ecko', 'trap', 'rap', 'hip hop', 'reggaeton', 'metrica', 'flow', 'quinto escalon', 'dorado', 'rebota', 'rompe', 'sube', 'argentina', 'latino', 'latin trap', 'latin music', 'freestyle', 'control', 'piso']",ECKO - DE BOCA EN BOCA by @beldentargentina,161078,21567,557,906,"Todos los derechos reservados. Young Golden, Inc. 

Spotify: https://spoti.fi/2tLK75g 
Instagram: http://bit.ly/2yWTo0i 
Twitter: https://twitter.com/_eckoyg 
Facebook: https://www.facebook.com/eckoyg

Produccion: Andr√©s Cort√©s ‚ÄúPendexMusic‚Äù 
Mezcla: Brian Taylor
Mastering: Javier Fracchia

Produccion: @pendexcortes @pendexmusic
Mezcla: @____briantaylor___ 
Mastering: @javierofracchia",UCflEXaXv07_g24ocdWGOvSw,https://youtu.be/1S8PTrbPDJM,https://i.ytimg.com/vi/1S8PTrbPDJM/mqdefault.jpg,18,es-419,1,AR,Music
25,2021-02-01T08:02:32Z,2021-02-01T18:00:00Z,20,Clash Royale,"['Clash Royale', 'Clash Royale Game', 'Supercell', 'Supercell Game', 'Clash Royale Supercell', 'Mobile Game']",Clash Royale: Enter The Forbidden Palace! First Elite Barbarian Emotes! (New Season!),1164577,43695,1180,1483,"#ClashRoyale #LunarNewYear

Celebrate the LUNAR NEW YEAR by entering our historic New Arena: 
The Forbidden Palace

New Emotes!
Check out the First Elite Barbarian Emotes!
Win a FREE Princess Emote from Challenge!

Don't forget to check out the exclusive PASS ROYALE rewards!

Subscribe for more! ‚ñ∫‚ñ∫ http://supr.cl/SubRoyale

Enter the Arena! From the creators of Clash of Clans comes a real-time multiplayer game starring the Royales, your favorite Clash characters and much, much more.

Collect and upgrade dozens of cards featuring the Clash of Clans troops, spells and defenses you know and love, as well as the Royales: Princes, Knights, Baby Dragons and more. Knock the enemy King and Princesses from their towers to defeat your opponents and win Trophies, Crowns and glory in the Arena. Form a Clan to share cards and build your very own battle community.

Lead the Clash Royale Family to victory!

FEATURES
‚Ä¢ Duel players from around the world in real-time in both 1v1 and 2v2 Battles
‚Ä¢ Earn chests to unlock rewards, collect powerful new cards and upgrade existing ones
‚Ä¢ Destroy opponent's towers and win Crowns to earn epic Crown chests
‚Ä¢ Build and upgrade your card collection with the Clash Royale Family along with dozens of your favorite Clash troops, spells and defenses
‚Ä¢ Construct your ultimate Battle Deck to defeat your opponents
‚Ä¢ Progress through multiple Arenas all the way to the top
‚Ä¢ Form a Clan to share cards and build your very own battle community
‚Ä¢ Challenge your Clanmates and friends to a private duel, or play side-by-side in a 2v2 Battle
‚Ä¢ Work together with your Clan to unlock Clan Chests
‚Ä¢ Play new events every week
‚Ä¢ Learn different battle tactics by watching the best duels on TV Royale

PLEASE NOTE! Clash Royale is free to download and play, however, some game items can also be purchased for real money. If you don't want to use this feature, please disable in-app purchases in your device's settings. Also, under our Terms of Service and Privacy Policy, you must be at least 13 years of age to play or download Clash Royale. A network connection is also required.

Support:
Are you having problems? Visit http://supercell.helpshift.com/a/clash-royale/ or contact us in-game by going to Settings, Help and support.

Privacy Policy:
http://supercell.com/en/privacy-policy/

Terms of Service:
http://supercell.com/en/terms-of-service/

Parent's Guide:
http://supercell.com/en/parents/

#ClashRoyale",UC_F8DoJf9MZogEOU51TpTbQ,https://youtu.be/FC1qVZLWWu8,https://i.ytimg.com/vi/FC1qVZLWWu8/mqdefault.jpg,18,en,1,AR,Gaming
26,2021-02-01T00:00:09Z,2021-02-01T18:00:00Z,20,Free Fire - LATAM,"['nueva', 'actualizaci√≥n', 'update', 'free', 'fire', 'free fire', 'garena', 'garenita', 'cosas', 'gratis', 'hacks', 'hackers', 'diamantes', 'diamantes gratis', 'cobra', 'proyecto cobra', 'nueva actualizaci√≥n', 'new update', '2021']",¬°LA NUEVA ACTUALIZACI√ìN DE FREE FIRE! üî• - Proyecto Cobra,710114,55012,1370,5211,"Free Fire sigue en mejora constante. üî•

¬°Conoce la nueva actualizaci√≥n Proyecto Cobra üêç y descubre el nuevo sistema de resurreci√≥n, los m√°s recientes ajustes de armas, campos de entrenamiento mejorados y MUCHO M√ÅS! ü§©‚ú® 

¬°Disponible el 4 de febrero! üóìÔ∏è",UC1ZPgKGxaT5P7QKN_bk9xkw,https://youtu.be/nHut3Sg7Z0I,https://i.ytimg.com/vi/nHut3Sg7Z0I/mqdefault.jpg,18,,1,AR,Gaming
27,2021-01-31T20:27:19Z,2021-02-01T18:00:00Z,20,Spreen,"['Juego Spreen Espa√±ol ARGENTINA', 'GRATIS', 'PRO', 'NOOB', 'SPREENDMC', 'PIOLACRAFT', 'SERVER ARGENTINO', 'SPREEN', 'MINECITY', 'UHC', 'PVP', 'ARGENTINA', 'ARGENTINO', 'PIOLA', 'CRAFT', 'EPICO', 'GRACISOSO', 'DIVERTIDO']",juegos que salen de anuncios,409155,37100,353,2640,"ESTO PASO EN TWITCH https://www.twitch.tv/elspreen

‚Ä¢ Canal Primario : https://www.youtube.com/channel/UC4DLCrt55UwaDvAswIr_59A

‚óè ¬°Sigueme por aqui! üëÄ
‚Ä¢ Instagram: https://www.instagram.com/ivan_buhaje/
‚Ä¢ Twitter (Personal): https://twitter.com/ivan_buhaje
‚Ä¢ Twitter: https://twitter.com/SpreenDMC",UCgTOIiEgjm58xLjHvDjmgdA,https://youtu.be/xhb-JS2uTHg,https://i.ytimg.com/vi/xhb-JS2uTHg/mqdefault.jpg,18,,1,AR,Gaming
28,2021-02-01T09:00:02Z,2021-02-01T18:00:00Z,20,Brawl Stars,"['brawl stars', 'mobile game', 'mobile strategy game', 'mobile rpg', 'mobile battle royale', 'battle royale', 'supercell game']",Brawl Stars Animation: Season 5 - The #StarrForce,1414063,146192,1794,5623,"Download NOW!! ‚ñ∫‚ñ∫ https://supr.cl/playbrawl
Be a BRAWLER! Subscribe! ‚ñ∫‚ñ∫ https://supr.cl/subscribe

Fast-paced 3v3 multiplayer and battle royale made for mobile! Play with friends or solo across a variety of game modes in under three minutes.

Unlock and upgrade dozens of Brawlers with powerful Super abilities, Star Powers and Gadgets! Collect unique skins to stand out and show off. Battle in a variety of mysterious locations within the Brawliverse!

BATTLE IN MULTIPLE GAME MODES
- Gem Grab (3v3): Team up and out-strategize the opposing team. Collect and hold 10 gems to win, but get fragged and lose your gems.
- Showdown (Solo/Duo): A battle royale style fight for survival. Collect power ups for your Brawler. Grab a friend or play solo - be the last Brawler standing in the rowdiest battle royale yet. Winner take all!
- Brawl Ball (3v3): It's a whole new Brawl game! Show off your soccer/football skills and score two goals before the other team. There are no red cards here.
- Bounty (3v3): Take out opponents to earn stars, but don‚Äôt let them pick you off. The squad with the most stars wins the match!
- Heist (3v3): Protect your team‚Äôs safe and try to crack open your opponents‚Äô. Navigate the map to sneak, blast and blow your way clear to the enemies treasure.
- Special Events: Limited time special PvE and PvP game modes.
- Championship Challenge: Join Brawl Stars' esports scene with in-game qualifiers!

UNLOCK AND UPGRADE BRAWLERS
Collect and upgrade a variety of Brawlers with powerful Super abilities, Star Powers and Gadgets! Level them up and collect unique skins.

BRAWL PASS
Complete quests, open Brawl Boxes, earn Gems, pins and an exclusive Brawl Pass skin! Fresh content every season.

BECOME THE STAR PLAYER
Climb the local and regional leaderboards to prove you‚Äôre the greatest Brawler of them all!

CONSTANTLY EVOLVING
Look out for new Brawlers, skins, maps, special events and games modes in the future.

PLEASE NOTE! Brawl Stars is free to download and play, however, some game items can also be purchased for real money. If you don't want to use this feature, please disable in-app purchases in your device's settings. Also, under our Terms of Service and Privacy Policy, you must be at least 9 years of age to play or download Brawl Stars.

Features:
- Team up for real-time 3v3 battles against players from across the world
- A fast-paced multiplayer battle royale mode made for mobile
- Unlock and collect new, powerful Brawlers - each with a signature attack and Super ability
- New events and game modes daily
- Battle solo or with friends
- Climb to the top of the leaderboards in global and local rankings 
- Join or start your own Club with fellow players to share tips and battle together
- Customize Brawlers with unlockable skins
- Player-designed maps offer challenging new terrain to master

From the makers of Clash of Clans, Clash Royale and Boom Beach!

Support:
Contact us in-game via Settings, Help and Support ‚Äî or visit http://supercell.helpshift.com/a/brawl-stars/

Privacy Policy:
http://supercell.com/en/privacy-policy/

Terms of Service:
http://supercell.com/en/terms-of-service/

Parent's Guide:
http://supercell.com/en/parents/

???:
https://www.youtube.com/wkbrl",UCooVYzDxdwTtGYAkcPmOgOw,https://youtu.be/AWhGvGlwkrU,https://i.ytimg.com/vi/AWhGvGlwkrU/mqdefault.jpg,18,en,1,AR,Gaming
29,2021-01-31T21:14:58Z,2021-02-01T18:00:00Z,20,Free Fire - LATAM,,¬°Jornada 3 de la Free Fire League 2021! üî• | Grupo B - Apertura,546159,33999,811,256,"¬°Sigue de cerca la garra y pasi√≥n que caracteriza a los equipos de la Free Fire League, 
donde todos buscan un mismo objetivo: el Booyah!

No olvides suscribirte y activar la campanita de notificaciones para que no te pierdas ni 
un solo momento de la Free Fire League, semana a semana a trav√©s 
de YouTube.com/FreeFireLATAM‚Äã üîî

S√≠guenos en nuestras redes sociales: 
üí• Facebook: https://facebook.com/FFEsportsLatam/
Vive de cerca los esports de Free Fire 

Descubre m√°s en: 
üì≤ Facebook: https://facebook.com/FreeFireSA‚Äã
üì• Twitter: https://twitter.com/FreeFireLatino‚Äã
üì∏ Instagram: https://www.instagram.com/FreeFireLATAM/‚Äã
üìû Discord: https://discord.gg/FreeFireLATAM",UC1ZPgKGxaT5P7QKN_bk9xkw,https://youtu.be/IM_1jIC_AcA,https://i.ytimg.com/vi/IM_1jIC_AcA/mqdefault.jpg,18,,1,AR,Gaming
30,2021-02-01T08:00:05Z,2021-02-01T18:00:00Z,20,Clash of Clans,"['clash of clans', 'COC', 'Clash of Clans Gameplay', 'Clash of Clans Strategy', 'Clash of Clans Animation', 'Clash of Clans Commercial', 'Clash of Clans Attacks', 'Clash of Clans Town Hall', 'Hog Rider', 'PEKKA', 'Clan Wars', 'season challenges', 'clan war leagues', 'clash on', 'clan game', 'clan games', 'rogue queen', 'archer queen skin', 'archer queen', 'gold pass', 'book of heroes']",Rogue Queen Takes It All (Clash Of Clans Season Challenges),1945936,50300,1437,1806,"It's an all new season of Season Challenges and Gold Pass full of exciting tasks, rewards, and perks! The all new Rogue Queen Hero Skin awaits you! 


Follow us on our Socials!
Twitter ‚ñ∫ https://twitter.com/ClashofClans/
Instagram ‚ñ∫https://www.instagram.com/clashofclans 
Facebook ‚ñ∫https://www.facebook.com/ClashofClans 

Attack. Defend. Strategize. Download for free for mobile devices. http://supr.cl/ThisArmy

From rage-¬≠filled Barbarians with glorious mustaches to pyromaniac wizards, raise your own army and lead your clan to victory! Build your village to fend off raiders, battle against millions of players worldwide, and forge a powerful clan with others to destroy enemy clans.
PLEASE NOTE! Clash of Clans is free to download and play, however some game items can also be purchased for real money 

Also, under our Terms of Service and Privacy Policy, you must be at least 13 years of age to play or download Clash of Clans.
A network connection is also required.

FEATURES
- Build your village into an unbeatable fortress 
- Raise your own army of Barbarians, Archers, Hog Riders, Wizards, Dragons and other mighty fighters
- Battle with players worldwide and take their Trophies
- Join together with other players to form the ultimate Clan
- Fight against rival Clans in epic Clan Wars 
- Build 18 unique units with multiple levels of upgrades
- Discover your favorite attacking army from countless combinations of troops, spells, Heroes and Clan reinforcements 
- Defend your village with a multitude of Cannons, Towers, Mortars, Bombs, Traps and Walls
- Fight against the Goblin King in a campaign through the realm

Chief, are you having problems? Visit http://supercell.helpshift.com/a/clas...

Privacy Policy:
http://www.supercell.net/privacy-policy/

Terms of Service:
http://www.supercell.net/terms-of-ser...

Parent‚Äôs Guide:
http://www.supercell.net/parents

#clashofclans #seasonchallenges",UCD1Em4q90ZUK2R5HKesszJg,https://youtu.be/itP2S-9ymyg,https://i.ytimg.com/vi/itP2S-9ymyg/mqdefault.jpg,18,en,1,AR,Gaming
31,2021-01-30T21:18:40Z,2021-02-01T18:00:00Z,20,Pepe El Mago,"['El Misterioso Iceberg de Minecraft', 'PARTE 2', 'Pepe el Mago', 'Top Videojuegos', 'El Iceberg de Minecraft', 'Minecraft', 'Minecraft Misterios y Teorias', 'Misterios y Teorias Videojuegos', 'Iceberg Videojuegos', 'Minecraft Espa√±ol', 'Minecraft Pepe el Mago']",El Misterioso Iceberg de Minecraft (PARTE 2) - Pepe el Mago,479745,40461,444,2167,"Parte 1 El Misterioso Iceberg de Minecraft: https://www.youtube.com/watch?v=dfY7RnB44zk&pbjreload=101

Misterios y Teorias Macabras de Minecraft: https://www.youtube.com/watch?v=UAOhBfVxfjc

DIRECTOS en FACEBOOK TODOS LOS DIAS!: https://www.facebook.com/PepeElMagoo 

¬°No te olvides de suscribirte al canal para no perderte ning√∫n video! http://goo.gl/0u862w

Twitter: https://twitter.com/pepe_el_mago

Instagram: https://www.instagram.com/pepeelmago1/

Contacto: contactopepeelmago@gmail.com

¬°No soy due√±o de NADA que tenga derechos de autor en este v√≠deo! ¬°Por favor apoyemos a los autores originales!

VIDEOS/GAMEPLAYS USADOS:

Entity 303 por Cibergun Play: https://www.youtube.com/watch?v=tDJ3rkqjwTo&ab_channel=Cibergun%E2%96%BAPlay

Quien es Null por Cibergun Play: https://www.youtube.com/watch?v=xo_iY3Oh3is&t=439s&pbjreload=101 

5 Apariciones de Entity 303 por FranciscoGames: https://www.youtube.com/watch?v=IK4g7bVpE1w

Intro de los Simpsons por Bearly Regal: https://www.youtube.com/watch?v=fyR1LDapzRs

Avistamientos del Steve Verde por WildDogXD: https://www.youtube.com/watch?v=3rVfMtfYQXk

Mobs de la Votacion Recreados: https://www.youtube.com/watch?v=ALB0PdyEDiU

Corto Minecraft Creepers le temen a los gatos: https://www.youtube.com/watch?v=UtwaiWzi7Jc

Minicraft: https://www.youtube.com/watch?v=EKFsy_PwbeY&list=PLE69AA4BB30155E11&index=18
https://www.youtube.com/watch?v=scof5W--ohU&ab_channel=Radnyx
https://www.youtube.com/watch?v=MhQ70O1MiXc&ab_channel=simme337
https://www.youtube.com/watch?v=BtnmOleTjSQ&list=PLE69AA4BB30155E11

Minecraft: https://www.youtube.com/watch?v=sNx92nh7FXo
https://www.youtube.com/watch?v=ALB0PdyEDiU
https://www.youtube.com/watch?v=ugqzwi5LQ-w+
https://www.youtube.com/watch?v=39t89S5K0vQ
https://www.youtube.com/watch?v=VSNMNM8Qouw
https://www.youtube.com/watch?v=dxMc1m_JLtY
https://www.youtube.com/watch?v=ZJmDSHJVXxs
https://www.youtube.com/watch?v=hZDq94ZsyeI
https://www.youtube.com/watch?v=zUaozNlDiSk
https://www.youtube.com/watch?v=5ToVPdpl7lA
https://www.youtube.com/watch?v=q4AYG5KTnto
https://www.youtube.com/watch?v=q2yK55dKNLY
https://www.youtube.com/watch?v=H5nXqIjSPPg
https://www.youtube.com/watch?v=dmNCIylxqHc
https://www.youtube.com/watch?v=ywupkULsNfM&pbjreload=101&ab_channel=iDeactivateMC
https://www.youtube.com/watch?v=pHDk_OUvGBQ&ab_channel=TheGingerBeardMan%21
https://www.youtube.com/watch?v=UtwaiWzi7Jc&ab_channel=Zebranimations
https://www.youtube.com/watch?v=rwTqWJ1uWuE&ab_channel=StingrayProductions
https://www.youtube.com/watch?v=9M5FPso-h4A&ab_channel=MinecraftGC-Old
https://www.youtube.com/watch?v=sNx92nh7FXo&ab_channel=theclipreaper
https://www.youtube.com/watch?v=VpxCBVeXN1k&ab_channel=elomars88
https://www.youtube.com/watch?v=grGu7c3UtGs&ab_channel=Connor542
https://www.youtube.com/watch?v=XL4DDtBLDDU&ab_channel=TomTheYouTubingTankEngine
https://www.youtube.com/watch?v=-5rTERTzZ7Q&ab_channel=Bigbst4tz2
https://www.youtube.com/watch?v=Ui2bAChLmdU&ab_channel=MLGPROSTAR
https://www.youtube.com/watch?v=RjbgxaLqX60&ab_channel=cubfan135
https://www.youtube.com/watch?v=Wp-QgOtrJGI&ab_channel=RalphvandenBerg
https://www.youtube.com/watch?v=FpRqdC4C5Gc&ab_channel=Voltrox
https://www.youtube.com/watch?v=sdRGM_4I9U8&ab_channel=PopularMMOs
https://www.youtube.com/watch?v=2b7LRNfRL2k&ab_channel=Cubey
https://www.youtube.com/watch?v=qixQKU9NnE0&t=123s&ab_channel=Milkair
https://www.youtube.com/watch?v=Ab0izaAQH7c
https://www.youtube.com/watch?v=7Me1IdeG2Xw
https://www.youtube.com/watch?v=TdL7iM9STxw
https://www.youtube.com/watch?v=hS7CbwcqggI
https://www.youtube.com/watch?v=GshmglsvU0A
https://www.youtube.com/watch?v=YE4P5l81XCs
https://www.youtube.com/watch?v=JzDUFe-njT4
https://www.youtube.com/watch?v=HaVwpjf7XiY
https://www.youtube.com/watch?v=nlZR7_nKMaI
https://www.youtube.com/watch?v=6Wyk3Y4Q-wc
https://www.youtube.com/watch?v=ugqzwi5LQ-w
https://www.youtube.com/watch?v=GAfFIusK5Ps&t=4s
https://www.youtube.com/watch?v=EHLf7s5ZtII
https://www.youtube.com/watch?v=M0888sLzYM4
https://www.youtube.com/watch?v=I2uZxTUC_7g&list=PLIRR9clro4hRjpNnI46YvEon4oeWbJRV4
https://www.youtube.com/watch?v=XVTqLo4yD1A&list=PLIRR9clro4hRjpNnI46YvEon4oeWbJRV4
https://www.youtube.com/watch?v=y_p51dXIITs&list=PLIRR9clro4hRjpNnI46YvEon4oeWbJRV4
https://www.youtube.com/watch?v=6ud22yz0p7s&t=916s
https://www.youtube.com/watch?v=sGrJwIFMPcU
https://www.youtube.com/watch?v=BZQO83KAhq0
https://www.youtube.com/watch?v=ed8rLRDNVDQ
https://www.youtube.com/watch?v=mGR4bAlt-Xo
https://www.youtube.com/watch?v=pHAbFN0B_ik

Ludum Dare: https://www.youtube.com/watch?v=ytDbfv5sxQ4&ab_channel=RandomiseUser%3ATheBestIndieGames

Age of Empires 2: https://www.youtube.com/watch?v=tSZRAlSLQsk

Super Smash Bros Ultimate: https://www.youtube.com/watch?v=Y8pYeNyvuWo&t=143s&ab_channel=Alex.EXE",UCqBAbqbx4q7G5upsptccdPA,https://youtu.be/7pf9OR2-OOo,https://i.ytimg.com/vi/7pf9OR2-OOo/mqdefault.jpg,18,es-419,1,AR,Gaming
32,2021-02-01T00:30:02Z,2021-02-01T18:00:00Z,23,FFran Gomez,"['ffrangomez', 'risa', 'sketch', 'humor', 'comedia', 'escuela de manejo', 'auto', 'camioneta', 'manejar', 'aprender a manejar', 'profesor', 'camisa', 'ruta', 'chipi', 'asalto', 'piragua', 'ajedrez bajo el agua', 'frank gomez', 'argentino', 'comediante', 'comico', 'reirse', 'diversion', 'humor argento', 'instagramer', 'youtuber', 'ferbo', 'fermin bo', 'volante', 'maestro de manejo', 'carro', 'coche', 'deportes desconocidos', 'reir', 'Argentina']",ESCUELA DE MANEJO,289448,52103,154,937,"EN VIVO todos los d√≠as por https://www.twitch.tv/ffrangomez üëàüòÅ 
Seguime y activ√° las notificaciones para enterarte cuando prendo ‚ô• 
Mis otras redes: 
https://www.instagram.com/ffrangomez/
https://twitter.com/FFranGomez
https://www.facebook.com/ffrangomez
Tik Tok: ffrangomez",UCpNw4T60BlOSUJltOrIn8YA,https://youtu.be/kc-6A_9i3PM,https://i.ytimg.com/vi/kc-6A_9i3PM/mqdefault.jpg,18,es-419,1,AR,Comedy
33,2021-02-01T00:29:54Z,2021-02-01T18:00:00Z,24,Maius,,mis regalos de navidad :),109407,14364,183,917,"Hola bbcitoss como estan? Hoy les traigo (un poquito tarde jiji) el haul de mis regalitos de navidad :)
Espero que les haya gustado mucho el videooo
Gracias por los 700.000 subs en serio estoy re contenta y mas que agradecidaü•∞
los adoro‚ô•Ô∏è
.
.
.
.
‚òÖ {REDES SOCIALES} 

‚ãÜINSTAGRAM: @itsmaius
https://www.instagram.com/itsmaius/

‚ãÜTIKTOK: @its_maius
https://vm.tiktok.com/3a2Fnn/

‚ãÜTWITTER: @its_maius
https://mobile.twitter.com/its_maius

‚òÖ {CONTACTAME / BUSINESS}

info@maiusm.com

Representante: @latinfluence

________________________________________

‚òÖ {PREGUNTAS FRECUENTES} 

‚ãÜ¬øCu√°ntos a√±os tenes?
Tengo 17 a√±os. (cumplo el 31 de mayo)

‚ãÜ¬øDe donde sos?
Soy de Argentina, Buenos Aires, pero vivo en Uruguay.

‚ãÜ¬øCon qu√© grabas?
Con mi celular (iPhone 11).

‚ãÜ¬øCon qu√© editas?
Con iMovie.

________________________________________

Gracias por el cari√±o bombones los adoro‚ô•Ô∏è
702.249 

________________________________________",UCshFi1BnZGtzqyr8ZNK21ng,https://youtu.be/oaIUit5WTw0,https://i.ytimg.com/vi/oaIUit5WTw0/mqdefault.jpg,18,,1,AR,Entertainment
34,2021-02-01T01:00:13Z,2021-02-01T18:00:00Z,24,Leyla Star,"['team angel', 'katie angel', 'oso world', 'katie angel team', 'kimberly loaiza', 'retos', 'challenge', 'bromas', 'comiendo blanco', '24 horas', 'I ate only purple food', 'comiendo rojo por 24 horas', '24 horas comiendo verde', 'sandra cires', 'sandra cires reto', 'broma', 'broma epica', 'pranks', 'broms cruel', 'broma telefonica', 'broma a mi novio']",ME ESCAP√â!!üò± 24 HORAS ENCERRADA EN MI CUARTO!!üò≠ | Leyla Star üí´,348516,30600,737,,"MI MEJOR AMIGO ME PIDE SER SU NOVIA! Mi PAP√Å NO QUIERE! üíî
https://bit.ly/3aixjZi

Hola Leylilovers!
¬°BIENVENIDOS A MI GALAXIA! 
¬°¬°Voy a compartirles muchas videos Incre√≠bles hechos con mucho AMOR para toooodoooos ustedes, mis estrellas favoritas en todo la Galaxia!! UwU

UNETE A MI DISCORD:
https://bit.ly/2HpB3xu

S√çGUEME EN MIS REDES SOCIALES:

INSTAGRAM @_leylastar
https://bit.ly/34l3fut
TIKTOK @leylastaroficial
https://bit.ly/35kaa6q
TWITER @_leylastar
https://bit.ly/2Tf8Tb4
FACEBOOK Leyla Star
https://bit.ly/3kOvPuh

**S√ìLO NEGOCIOS/PRENSA/CONTRATACIONES:
managment.leylastar@gmail.com

Comenta que videos te gustar√≠a ver en el canal. ¬°Estoy s√∫per ansiosa por leer cada una de sus ocurrencias!

PROYECTO DIRIGIDO POR OSOWORLD
KATIE ANGEL PRODUCTIONS

‚ö†ADVERTENCIA‚ö† Este canal puede provocar la mayor felicidad de tu vida!",UCfG-pUjqBk0axjSBzsyg_PA,https://youtu.be/eOv-bt51TgA,https://i.ytimg.com/vi/eOv-bt51TgA/mqdefault.jpg,18,,1,AR,Entertainment
35,2021-01-31T17:30:03Z,2021-02-01T18:00:00Z,24,Portillo,"['EL B√öNKER DE CEMENTO - El Proyecto', 'b√∫nker', 'bunker', 'refugio', 'portillo', 'portillx', 'marc', 'marcvilas', 'bunker de cemento', 'nuclear', 'construccion', 'construcciones', 'supervivencia', 'a mano', 'construyo un bunker a mano', 'preguntas', 'diy', 'hierro y hormigon', 'proyecto', 'stereo', 'Bunker de cemento', 'bunker cemento', 'construyo un bunker', 'construimos un bunker', 'marc vilas bunker', 'bunker marcvilas', 'bunker secreto', 'bunker portillo', 'portillo bunker']",C√≥mo construir un B√öNKER de Hormig√≥n CASERO,387541,67692,1795,6346,"3 a√±os despu√©s empieza el proyecto m√°s grande de nuestras vidas... EL B√öNKER DE CEMENTO üöß
En pocos d√≠as podr√©is ver toda la construcci√≥n üë∑üèº‚Äç‚ôÇÔ∏èüë∑üèª‚Äç‚ôÇÔ∏è

üî• S√≠gueme en Stereo para ver la charla entera en la que respondemos m√°s preguntas del B√öNKER y para no perderte nuestro Podcast semanal: https://stereo.com/portillx üî•

Si te ha gustado el v√≠deo te invito a darle like, es gratis. Apoyad este proyecto del B√öNKER si quer√©is m√°s contenido de este estilo. üñ§

üåä S√≠gueme en Instagram: @portillx
https://www.instagram.com/portillx/

‚ö° Canal de Marc: 
https://www.youtube.com/marcvilas

#Bunker #Construcciones #Portillo",UCNfoPrh2gSZpwijbb9SOKmA,https://youtu.be/xbzExio6hMA,https://i.ytimg.com/vi/xbzExio6hMA/mqdefault.jpg,18,es,1,AR,Entertainment
36,2021-01-30T21:00:13Z,2021-02-01T18:00:00Z,24,Marty D,"['yo nunca nunca', 'reto yo nunca nunca', 'recopilacion yo nunca nunca', 'yo nunca nunca marty dominguez', 'yo nunca nunca marty', 'marty dominguez', 'martyd', 'iammartyd', 'marty d', 'yo nunca nunca marty d', 'yo nunca nunca con amigas', 'yo nunca nunca martyd', 'marty d yo nunca nunca', 'yo nunca nunca guille ortega', 'yo nunca nunca justi castro', 'yo nunca nunca more bello', 'marty dominguez yo nunca nunca', 'reto yo nunca nunca con amigas', 'iammartyd yo nunca nunca', 'martina dominguez', 'yo nunca nuca']","YO NUNCA NUNCA üî•üîû ft Guille Ortega, Justi Castro & More Bello | Marty Dominguez",154146,11824,434,,"Reto yo nunca nunca con amigas. Se pikoooo 

Siganme en mis redes sociales!
Instagram: @iammartyd https://www.instagram.com/iammartyd/‚Äã
Twitter: @iammartyd https://twitter.com/iammartyd‚Äã
TikTok: https://www.tiktok.com/@iammartyd_music

Sigan a mis amigas:
https://www.instagram.com/guilleortega01/
https://www.instagram.com/justicastroo/
https://www.instagram.com/morebello_/

#MartyD‚Äã #Iammartyd",UCu4dX5H7Jc8x_tc49t44wIA,https://youtu.be/nKX6u-ccecg,https://i.ytimg.com/vi/nKX6u-ccecg/mqdefault.jpg,18,es-419,1,AR,Entertainment
37,2021-02-01T00:05:30Z,2021-02-01T18:00:00Z,24,Katia Vlogs,"['Jukilop', 'Kimberly', 'Loaiza', 'Juan', 'de', 'Dios', 'Pantoja', 'Francisco', 'Alv', 'Supertrucha', 'Pantojitas', 'Comedia', 'Bromas', 'Videos', 'Cine', 'Gente', 'Blogs', 'Chabelo', 'Paulo', 'Londra', 'JD', 'BABY', 'PANTOJA', 'Sebastian', 'Villalobos', 'Rk', 'RIX', 'JUCA', 'Juanpa', 'Zurita', 'Linduras', 'Mario', 'Bautista', 'bromas', 'telefonicas', 'chistes', 'amigos', 'primos', 'familia', 'entretenimiento', 'sonrisa']",RETOS EN UN YATE üõ• CON EL EX TEAM JUKIüò± KatiaVlogs,886678,97317,981,1789,"HELLO DEJA EL SHOW!!!ü§™ü§üüèΩ
Hola Amigos espero les haya gustado este video 
Gracias por apoyarme en esta aventuraüí´
No olvides suscribirteüôèüèºprometo que te vas a divertirüòÅüíÉüèΩ! 

S√≠gueme en mis redes sociales:

üí´FACEBOOK: A√∫n no tengo jiji
üí´INSTAGRAM: https://www.instagram.com/katiavlogss
üí´TWITTER: http://www.twitter.com/katiavlogs",UCDZ_oGSS2lEs7NJWGfar6IA,https://youtu.be/S7zsqnGO04I,https://i.ytimg.com/vi/S7zsqnGO04I/mqdefault.jpg,18,,1,AR,Entertainment
38,2021-02-01T14:00:06Z,2021-02-01T18:00:00Z,24,Marvel Entertainment,"['marvel', 'comics', 'Wandavision', 'Wanda vision', 'Wanda Maximoff', 'The vision', 'Extended clip', 'Clip', 'Teaser', 'Trailer', 'sneak peek']",Mid-Season Trailer | Marvel Studios' WandaVision | Disney+,1158259,68164,567,4384,"Life could be perfect when it's made just for you. Marvel Studios' ‚ÄúWandaVision‚Äù is now streaming on Disney+: https://bit.ly/2XyBSIW

‚ñ∫ Subscribe to Marvel: http://bit.ly/WeO3YJ

Follow Marvel on Twitter: ‚Ä™https://twitter.com/marvel
Like Marvel on Facebook: ‚Ä™https://www.facebook.com/marvel
Watch Marvel on Twitch: https://www.twitch.tv/marvel

Reward your Marvel fandom by joining Marvel Insider!
Earn points, then redeem for awesome rewards.
Terms and conditions apply. 
Learn more at https://www.marvel.com/insider?Osocial=YT&CID=MarvelInsider

For even more news, stay tuned to:
Tumblr: ‚Ä™http://marvelentertainment.tumblr.com/
Instagram: https://www.instagram.com/marvel
Pinterest: ‚Ä™http://pinterest.com/marvelofficial
Reddit: http://reddit.com/u/marvel-official",UCvC4D8onUfXzvjTOM-dBfEA,https://youtu.be/Ch0wMWnXjeA,https://i.ytimg.com/vi/Ch0wMWnXjeA/mqdefault.jpg,18,en,1,AR,Entertainment
39,2021-02-01T01:00:04Z,2021-02-01T18:00:00Z,24,DANIEL HABIF,"['daniel', 'habif', 'inquebrantables', 'amor', 'dolor', 'perdon', 'dios', 'cristo', 'jesus', 'motivacion', 'poder', 'dinero', 'inspiracion', 'conferencista', 'ruge', 'cristiano', 'tony robbins', 'gary vee', 'diego dreyfus', 'simon sinek', 'maxwell', 'biblia', 'daniel habif', 'yokoi kenji', 'tu historia']",¬øTE ATREVER√ÅS? - Daniel Habif,120242,12950,61,645,"¬øTe atrever√°s a dejar la vida ordinaria para dirigirte a un lugar de mayor trascendencia? ¬øPor fin dejar√°s de estar satisfecha y satisfecho contigo mismo sabiendo perfectamente que aun puedes dar m√°s?

Si decides hacer esto querido y querida m√≠a, ser√°s de esas escasas personas que pueden tener un efecto decisivo, no en 20, ni en 50 personas, sino en millones a lo largo de tu vida y conocer√°s que no hay limites para ti, que en todos nosotros yace un g√©iser de pasi√≥n, pero nos es necesario quitar la tierra que han echado sobre de nosotros. Haz que tu vida sea significativa aunque andes por senderos destructivos. Tu historia merece ser contada, tu historia puede impactar a otros, aunque esa historia sea simple y ordinaria, tu y DIOS pueden convertirla en una historia para toda la vida.

Aqu√≠ puedes encontrar m√°s de mi contenido: 

Instagram: https://www.instagram.com/danielhabif
Facebook: https://www.facebook.com/danielhabifoficial
Twitter: https://twitter.com/DanielHabif 

Consigue mi libro: www.inquebrantablesellibro.com
Sitio web: www.danielhabif.com 

#danielhabif
#Inquebrantables
#RodeateDeGigantes",UCwoMnHuOQrhKj7r4-Onh0wg,https://youtu.be/ZIml4ytjsGU,https://i.ytimg.com/vi/ZIml4ytjsGU/mqdefault.jpg,18,es-419,1,AR,Entertainment
40,2021-01-31T17:30:12Z,2021-02-01T18:00:00Z,24,Changovisi√≥n,"['changovision', 'changovision fortnite', 'mandalorian en la vida real', 'baby yoda en al vida real', 'mandalorian', 'mandalorian fotnite', 'baby yoda', 'final mandalorian', 'luke skywalker mandalorian', 'yoda luke', 'grogu', 'disfraces mandalorian', 'navy baby yoda', 'star wars', 'baby', 'bebe yoda', 'final de temporada mandalorian', 'temporada 2 mandalorian', 'mandalorian disfraces', 'mandalorian cosplay', 'boba fett', 'jango fett', 'mando', 'mandalorian parodia en la vida real']",THE MANDALORIAN EN LA VIDA REAL - LA PEL√çCULA (PARODIA) - Changovisi√≥n,173045,12051,261,1419,"üö®¬øQu√© pasar√° con Baby Yoda (Grogu)?üö®üò± desc√∫brelo en el pr√≥ximo capitul√≥ de el Mandalorian en la vida real üò± y comenta tu parte favorita del video üòé la m√≠a fue la batalla final con el malvado Mike üî•
‚ñ∫NUESTROS OTROS CANALES:
 @Changoplay 
 @Mike Murcia 
@Zaid C√≥rdova 
@Bananas al Aire Podcast 

‚ñ∫Facebook: https://goo.gl/X2LL2S

HOTEL BOSQUE DE LOS CIPRECES‚ñ∫https://www.tripadvisor.com.mx/Hotel_Review-g154235-d678262-Reviews-Bosque_de_los_Cipreses-Xalapa_Central_Mexico_and_Gulf_Coast.html

‚ñ∫S√≠guenos en Instagram:

‚ñ∫DAVID ZAID MASTER PRO-
‚ñ∫Instagram: zaidcordova

‚ñ∫MIKE EDITOR SUPREMO-
‚ñ∫Instagram: mike_murcia

‚ñ∫ULTRA JOHAN-
‚ñ∫Instagram: johanmurcia_

Para contrataciones, menciones, y conferencias escribe a:

‚ñ∫contactochangovision@gmail.com",UCC79Vy7VezwkJoXnZml7OGA,https://youtu.be/opaCBKfdkks,https://i.ytimg.com/vi/opaCBKfdkks/mqdefault.jpg,18,es-MX,1,AR,Entertainment
41,2021-01-30T00:45:00Z,2021-02-01T18:00:00Z,24,Got Talent Espa√±a,"['Got Talent', 'Got Talent Espa√±a', 'Spain‚Äôs Got Talent', 'Got Talent Audition', 'Got Talent Spain', 'Got Talent 2019', 'Telecinco', 'Dani Mart√≠nez', 'Paz Padilla', 'Santi Mill√°n', 'Edurne', 'Edurnity', 'Risto Mejide', 'Telecinco Got Talent', 'Got Talent Espa√±a YouTube', 'Got Talent Espa√±a Jurado', 'Familiar content']",Un chico de NEPAL abandonado por su padre EMOCIONA al jurado | Audiciones 3 | Got Talent Espa√±a 2021,1109876,27274,743,92,"La sexta temporada de 'Got Talent Espa√±a' te va a dejar con la boca abierta con centenares de sorprendentes y emocionantes actuaciones que ser√°n valoradas por un divertido y exigente jurado. Risto Mejide, la cantante Edurne y el humorista Dani Mart√≠nez repiten en la mesa para valorar todos los n√∫meros y decidir qui√©n debe pasar o no a la siguiente fase del talent show de Telecinco, que vuelve m√°s fuerte que nunca. 

No son pocos los participantes que luchar√°n esta vez por cumplir su sue√±o sobre el escenario del programa despu√©s de un confinamiento que lo cambi√≥ todo y que demostr√≥ que hay mucho talento por descubrir todav√≠a en nuestro pa√≠s. Muchas de esas historias marcan estas actuaciones con las que es imposible no emocionarse ni vibrar. 

Cantantes con temas que te van a poner la piel de gallina, espectaculares n√∫meros grupales de baile que te dejar√°n con la boca abierta, sorprendentes trucos de magia imposibles de descubrir, humoristas con los que no pararemos de re√≠r, ni√±os con talentos inimaginables o deportistas que convertir√°n su disciplina en un verdadero talento. Todos forman parte de esta edici√≥n del talent show y todos luchar√°n por llevarse el preciado Pase de Oro del jurado y de Santi Mill√°n; aunque lograrlo no ser√° nada f√°cil. 

Prep√°rate para emocionarte, para re√≠r como nunca y para vibrar con estos n√∫meros. Prep√°rate para acompa√±ar a nuestros participantes en el que ser√° el viaje m√°s especial de sus vidas. ¬øTe unes? 

¬°Bienvenidos al canal oficial de ‚ÄòGot Talent Espa√±a‚Äô! 

‚ñ∫ Si est√°s en Espa√±a podr√°s acceder a los mejores clips en http://www.telecinco.es/gottalent/ y al programa completo en http://www.mitele.es/programas-tv/got-talent/ 

‚ñ∫ ¬°No te pierdas los √∫ltimos v√≠deos de ‚ÄòGot Talent Espa√±a‚Äô! 
Suscr√≠bete al canal de YouTube http://bit.ly/GOTTALENT_SPAIN 

‚Ä¢ Facebook ‚Ä¢ https://www.facebook.com/GotTalentES
‚Ä¢ Instagram ‚Ä¢ https://www.instagram.com/gottalenttv
‚Ä¢ Twitter ‚Ä¢ https://twitter.com/gottalentes
‚Ä¢ TikTok ‚Ä¢ https://tiktok.com/@gottalentes",UCxthdekpMin2DTv4i-3AjDg,https://youtu.be/5ctzaxEKSJc,https://i.ytimg.com/vi/5ctzaxEKSJc/mqdefault.jpg,18,es,1,AR,Entertainment
42,2021-01-27T22:00:03Z,2021-02-01T18:00:00Z,24,Bizarrap,,YSY A || BZRP Music Sessions #37,11848284,987147,26555,80698,"YSY A || BZRP Music Sessions #37

Lyrics by: https://www.instagram.com/ysy__a

Beat by:  https://www.instagram.com/bizarrap 

Mix by: https://www.instagram.com/valyum.flp

Shot by: https://www.instagram.com/gianlyfe 

Edited and produced by: https://www.instagram.com/bizarrap
     
Booking / Contacto 
contacto.bizarrap@lauriaweb.com
#Bizarrap #YSYA",UCmS75G-98QihSusY7NfCZtw,https://youtu.be/HbeLYtQqkIg,https://i.ytimg.com/vi/HbeLYtQqkIg/mqdefault.jpg,18,es,1,AR,Entertainment
43,2021-01-31T14:00:03Z,2021-02-01T18:00:00Z,24,ITZY,"['JYP Entertainment', 'JYP', 'ITZY', 'ÏûàÏßÄ', 'ITZY Video', 'ITZY Yeji', 'ITZY Lia', 'ITZY Ryujin', 'ITZY Chaeryeong', 'ITZY Yuna', 'ÏûàÏßÄ ÏòàÏßÄ', 'ÏûàÏßÄ Î¶¨ÏïÑ', 'ÏûàÏßÄ Î•òÏßÑ', 'ÏûàÏßÄ Ï±ÑÎ†π', 'ÏûàÏßÄ Ïú†ÎÇò', 'ÏòàÏßÄ', 'Î¶¨ÏïÑ', 'Î•òÏßÑ', 'Ï±ÑÎ†π', 'Ïú†ÎÇò', 'Yeji', 'Lia', 'Ryujin', 'Chaeryeong', 'Yuna', 'ITZY BEHIND', 'ITZY VIDEOS', 'ITZY DEBUT', 'ÏûàÏßÄ Îç∞Î∑î', 'not shy', 'ITZY not shy', 'ITZY TEASER', 'ÏûàÏßÄ Ìã∞Ï†Ä', 'not shy Ìã∞Ï†Ä', 'ÏûàÏßÄ ÎÆ§ÎπÑ Ìã∞Ï†Ä', 'not shy ÎÆ§ÎπÑ Ìã∞Ï†Ä', 'ITZY MV TEASER', 'ITZY MV', 'M/V', 'TEASER', 'ÏûàÏßÄ Ïª¥Î∞±', 'ITZY COMEBACK', 'not shy MV', 'ÎÇ´ÏÉ§Ïù¥ ÎÆ§ÎπÑ', 'ÎÇ´ÏÉ§Ïù¥', 'not shy english ver', 'not shy eng ver']",ITZY Performance Practice : End of 2020 (Seoul Music Awards Ver.),1138691,124467,783,5994,"ITZY Performance Practice : End of 2020 (Seoul Music Awards Ver.)

Find ITZY ""Not Shy (English Ver.)"" on
MelOn http://kko.to/lNGICKqYj
Apple Music https://music.apple.com/us/album/1549642273
Spotify https://open.spotify.com/album/3cNffd0CRxT7nxYuq7PHfL
Ochard https://orcd.co/notshy_eng 

[ITZY Official] 
https://www.youtube.com/c/ITZY
https://www.instagram.com/itzy.all.in.us
http://www.twitter.com/ITZYOfficial
http://www.facebook.com/OfficialITZY
https://vlive.tv/membership/151
http://ITZY.jype.com
http://fans.jype.com/ITZY

#ITZY #SMA #ITZY_NotShy

Copyrights 2021 ‚ìí JYP Entertainment. All Rights Reserved",UCDhM2k2Cua-JdobAh5moMFg,https://youtu.be/9mmSBbQ68ZE,https://i.ytimg.com/vi/9mmSBbQ68ZE/mqdefault.jpg,18,ko,1,AR,Entertainment
44,2021-01-31T19:06:08Z,2021-02-01T18:00:00Z,1,SpiderBlack,"['Godzilla', 'Gojira', 'Godzilla King of the Monsters', 'Mechagodzilla', 'Kong', 'King Kong', 'Kong Skull Island', 'Monarch', 'Kaiju', 'Monster', 'Titan', 'Monsterverse', 'Muto', 'Rodan', 'Mothra', 'King Ghidorah', 'Skullcrawler', '2021', 'Skull Island', 'Isla Calavera', 'Nozuki', 'Warbat']",¬øPOR QU√â GODZILLA ATACA A LA HUMANIDAD EN GODZILLA VS KONG?,387476,19059,487,2346,"Twitter: https://twitter.com/SpiderBlack_yt
Twitch: https://www.twitch.tv/spiderblackyt
Instagram: https://www.instagram.com/spiderblackyt/
Correo electr√≥nico: theolidemex@gmail.com",UCNhVZ234EU3oVpHfLP2cijA,https://youtu.be/Ue5XVvoCeNU,https://i.ytimg.com/vi/Ue5XVvoCeNU/mqdefault.jpg,18,es,1,AR,Film & Animation
45,2021-01-31T18:32:20Z,2021-02-01T18:00:00Z,1,sofi mu√±oz,,‚ú®HOUSE TOUR 2021‚ú® | Sofi Mu√±oz,247398,28658,553,1736,,UCHnL5HNtD7V_n0PEEQOIl-g,https://youtu.be/UzY1IvRvZaU,https://i.ytimg.com/vi/UzY1IvRvZaU/mqdefault.jpg,18,,1,AR,Film & Animation
46,2021-01-31T19:30:10Z,2021-02-01T18:00:00Z,2,Charly Sinewan,"['Viajar en moto por el mundo', 'vuelta al mundo en moto', 'viajes en moto por el mundo', 'viajes por el mundo en moto', 'aventuras en moto', 'viajes largos en moto', 'videos en moto', 'Charly Sinewan', 'SINEWAN', 'RIDE', 'RIDE FREE', 'VIVIR LIBRE', 'SER LIBRE', 'LIBERTAD', 'VIAJAR LIBRE', 'EL MUNDO EN MOTO', 'EL MUNDO EN MOTO CON CHARLY SINEWAN', 'OFFROAD', 'TERRACERIA', 'AVENTURA EN MOTO', 'ride', 'ride free', 'sinewan', 'mexico en moto', 'latinoamerica en moto', 'america en moto', 'peligro', 'ruta motera', 'Tijuana', 'Apple', 'M1 procesador']","Todo MAL, PELIGRA la CONTINUIDAD de la SERIE (S18/E00) La VUELTA al MUNDO en MOTO con CHARLY SINEWAN",325041,22810,715,2263,"Arrancamos una nueva Etapa realmente MAL. No os digo m√°s, lo vemos en este primer cap√≠tulo que hemos llamado 0. Imaginaos...

Aparecen en el v√≠deo:
Carlos: https://www.mactijuana.com
Marco Salgado (BAJA GS Service Garage):
 - Facebook: https://www.facebook.com/BAJA-GS-Service-Garage-100398475050032
 - Instagram: https://www.instagram.com/bajagsservicegarage/
Barber√≠a Sport Shave Tijuana: https://m.facebook.com/Sportshavetijuana/
Dental HC: https://www.dentalhctijuana.com
Instagram @dentalhctj: https://instagram.com/dentalhctj?igshid=qufyy4mtfuay


Ver todas las Etapas: https://sinewan.com/#videos

Ver todos los v√≠deos en orden cronol√≥gico: https://sinewan.com/todos-los-videos/

Comprar ""EL mundo en moto con Charly Sinewan"", el libro: 
Espa√±a: https://amzn.to/2r9rQkK
M√©xico: https://cutt.ly/TrlB02W

Ap√≥yame en https://www.patreon.com/charlysinewan

Instagram: https://www.instagram.com/charlysinewan

Comprar merchandising SINEWAN: https://goo.gl/y9zGXE 
(Espa√±a y M√©xico)

Camiseta Simbiose/Sinewan: https://simbioseclothing.com/

SI quieres saber todo mi equipamiento:

Mi moto: https://cutt.ly/hyFWFNU

Para viajar seguro:

Inreach de Garmin, baliza sat√©lite: https://goo.gl/jPc2HV

RACC: https://www.racc.es/home

Si pides un presupuesto en Linea Directa, sin compromiso, me ayudas a seguir viajando: https://goo.gl/7bXTaZ 

Accesorios de mi moto: https://touratech.es/

Recambios de mi moto: https://mike.larsson.es/es/ 

¬øQu√© neum√°ticos uso? https://goo.gl/pwbsPS 

Mi concesionario BMW: http://www.rolenmotor.com/ 

Mi localizador para saber siempre donde est√° la moto: https://cutt.ly/oyFEiGx
(Con este link te regalan 12 meses de SIM)

Mi dron favorito  (DJI Mavic 2 Pro):   https://gtly.to/VklCCRsX9

Mi c√°mara de acci√≥n favorita (Osmo action):    https://gtly.to/N8N8m8map

Mi c√°mara 360: https://www.insta360.com/sal/one_r?insrc=INRBS96

Estoy siguiendo los tracks de El Bravo Road: https://www.youtube.com/channel/UCWsAXFhmEPsUW_OWxtS_nGA

Edici√≥n: Bernardo Moll Otto / Sinewan

M√∫sicas: Epidemicsound.com 


#sinewan #charlysinewanbmw #bmwmotorrad #makelifearide #touratech #rolenmotor #pirellimoto #larssonespa√±a #lineadirecta #vamosgarmin #RACC #atlantismoto #dji",UCqZQXbQTF6VI_i5QWFaVxSQ,https://youtu.be/XNAuW_J7KaQ,https://i.ytimg.com/vi/XNAuW_J7KaQ/mqdefault.jpg,18,es,1,AR,Autos & Vehicles
47,2021-01-31T18:29:51Z,2021-02-01T18:00:00Z,28,YANPOL,"['Pc', 'gamer', 'gaming', '2021', 'armar', 'ensamblar', 'componentes', 'hardware', 'intel', 'i3', '10100f', 'ryzen', 'mobo', 'tarjeta madre', 'disipador', 'fuente de poder', 'psu', 'ram', 'ddr4', 'case', 'gabinete', 'aerocool', 'airhawk', 'ensamble', 'tarjeta', 'de video', 'grafica', 'destornillador', 'facil', 'rapido', 'sencillo', 'conciso', 'mejor', 'explicado', 'm.2', 'ssd', 'activar', 'windows 10', 'instalar', 'guia', 'consejos', 'novatos', 'principantes', 'aprueba de', 'montar', 'intuitivo']",C√≥mo Ensamblar una PC Barata paso a paso 2021 - Gu√≠a BIEN EXPLICADA,405644,45041,361,4233,"Armar PC barata 2021 paso a paso intuitivo y bien explicado ;)
Microsoft Windows 10 Pro OEM: https://www.gvgmall.com/gvg/YPL_W10PO
Windows10 PRO  + Office2016: https://bit.ly/3bBwR8g
Office2016 Professional: https://www.gvgmall.com/gvg/YPL_OF16P
Office2019 Professional: https://www.gvgmall.com/gvg/YPL_OF19P
20% descuento para software: YPLW
3% para juegos: YPLG

LINK de antena WIFI USB https://amzn.to/39zJ5zt
Si quieres un Escritorio como el m√≠o, Compra un MESK https://www.mesk.mx/product-page/escritorio-de-melamina-mesk

0:00 ¬øQu√© componentes voy a armar?
4:20 Preparar tarjeta madre
4:25 Instalar procesador
5:35 Colocar disipador
6:56 Colocar RAM
8:01 SSD m.2
8:17 Preparar Gabinete y tarjeta madre
9:51 Conectar cables de panel frontal
10:52 Conectar ventiladores
12:03 Meter tarjeta gr√°fica
13:08 Instalar Almacenamiento
13:43 Instalar Fuente de Poder
15:00 PC casi lista
15:42 Instalaci√≥n y activaci√≥n de Windows 10

SUSCRIBETE https://bit.ly/2nKZyIk

Mi equipo:
PC: https://youtu.be/MaJi3S8PKAk
Escritorio: https://www.mesk.mx/product-page/escritorio-de-melamina-mesk
Micr√≥fono: https://amzn.to/2vN3gFb con https://amzn.to/2OOf0R3
C√°mara 4k: https://amzn.to/33xOnbK
C√°mara para vlogs: https://amzn.to/2BSLhQG con https://amzn.to/35GhIyI
Tr√≠pode: https://amzn.to/2SurjDi con https://amzn.to/32EwuFy
Paneles LED: https://amzn.to/2Q49Jss con https://amzn.to/2Ae7Qyt

- Mi twitter: https://twitter.com/YANPOLGG
- Mi Twitch: https://www.twitch.tv/yanpolgg
- Mi Instagram: https://www.instagram.com/yanpolgg
- Gaming Army: https://www.facebook.com/groups/866113020254786
- Mi facebook: https://www.facebook.com/YANPOL-184623045493350",UCHvF0weGdYOYqFO1oy5cWZw,https://youtu.be/mHPpYnDq6ck,https://i.ytimg.com/vi/mHPpYnDq6ck/mqdefault.jpg,18,,1,AR,Science & Technology
48,2021-01-30T22:49:40Z,2021-02-01T18:00:00Z,25,Implacables,"['implacables', 'el nueve', 'entretenci√≥n', 'espect√°culo', 'argentina', 'pampita', 'Karina Jelinek', 'tik tok', 'Ronen Suarc', 'juana viale', 'patricia sosa', 'valeria lynch', 'marina calabro', 'chino maradona', 'carmen barbieri', 'fede bal', 'marcelo polino', 'rocio oliva', 'moria casan']",Carmen Barbieri se encuentra en coma farmacol√≥gico,71209,605,55,240,"El Dr. Jos√© Manuel Viudes, Neum√≥logo, nos ofrece su perspectiva sobre el estado de salud de Carmen Barbieri, quien se encuentra en coma farmacol√≥gico por causa de una grave neumon√≠a provocada por la COVID-19.",UCWGAYWYV9VUiPX5N2rd9iKQ,https://youtu.be/iCHNKPbJxjA,https://i.ytimg.com/vi/iCHNKPbJxjA/mqdefault.jpg,18,,1,AR,News & Politics
49,2021-01-31T18:00:09Z,2021-02-01T18:00:00Z,19,VAGABOOM,"['por que no subimos videos', 'separaci√≥n', 'nos separamos', 'VAGABOOM']",Nos SEPARAMOS? Por qu√© no subimos m√°s VIDEOS,543257,30314,1144,5420,"Nos SEPARAMOS? Por qu√© no subimos m√°s VIDEOS

#VAGABOOM",UCPgrd83e1TOKFs46JdFu4Gg,https://youtu.be/I0Q-OMi4jYE,https://i.ytimg.com/vi/I0Q-OMi4jYE/mqdefault.jpg,18,es-419,1,AR,Travel & Events
